,Activity,Sharks_attacks,Danger ratio
6,Surfing,1037,0.2428002809646453
3,Fishing,814,0.19058768438304846
7,Swimming,693,0.16225708265043315
4,Other,673,0.15757433856239755
2,Diving,461,0.10793725122922032
8,Wading,259,0.06064153594006087
1,Body boarding,132,0.030906110981034886
5,Provoke,115,0.026925778506204635
0,Boat,87,0.02036993678295481
